type,likes,num_comments,num_shares,days_from_event,revenue,total_transactions,collab,date,num_posts,memberships_sold,pop,popcorn_large,popcorn_medium,popcorn_small,Alcohol,general_promo_likes,general_promo_shares,type_post,candy,event_id,movie_1_title,movie_2_title,movie_1_rating,movie_2_rating,movie_1_review_count,movie_2_review_count,movie_1_genre,movie_2_genre,movie_1_release_year,movie_2_release_year,num_movies,double_feature,avg_movie_rating,max_movie_rating,total_review_count,max_review_count,avg_release_year,oldest_release_year,event_year,avg_movie_age,primary_genre,popularity_bucket,log_max_review_count,log_total_review_count,month,day_of_week,total_engagement,engagement_per_post
Regular screening,291.0,7.0,141.0,2.0,472.46,95.0,No,2025-09-04,1,62.0,17.0,7.0,11.0,5.0,0.0,,,individual,0.0,1,Perks of Being a Wallflower,Welcome to The Dollhouse,4.0,3.6,635996.0,37579.0,Drama,Comedy/Drama,2012.0,1995.0,2,1,3.8,4.0,673575.0,635996.0,2003.5,1995.0,2025,21.5,Drama,Very High,13.362949125330003,13.420356111821828,9,Thursday,439.0,439.0
Regular screening,222.0,4.0,118.0,2.0,598.42,108.0,No,2025-09-08,1,74.0,19.0,9.0,17.0,12.0,0.0,,,individual,0.0,2,Mean Girls,Jawbreaker,3.8,3.4,401508.0,47246.0,Comedy/Drama,Comedy/Thriller,2004.0,1999.0,2,1,3.5999999999999996,3.8,448754.0,401508.0,2001.5,1999.0,2025,23.5,Comedy,Very High,12.902985228057943,13.014232360783835,9,Monday,344.0,344.0
Regular screening,228.0,11.0,129.0,2.0,633.93,128.0,No,2025-09-11,1,71.0,26.0,20.0,21.0,8.0,0.0,,,individual,0.0,3,American Psycho,Rules of Attraction,3.8,3.3,555179.0,12652.0,Crime/Drama/Thriller,Comedy/Drama,2000.0,2002.0,2,1,3.55,3.8,567831.0,555179.0,2001.0,2000.0,2025,24.0,Crime,Very High,13.227047664471131,13.249580879305453,9,Thursday,368.0,368.0
Screen + Q&A,137.0,0.0,39.0,10.0,25.0,9.0,No,2025-09-15,2,3.0,3.0,1.0,0.0,1.0,0.0,89.0,33.0,both,0.0,4,Golden Gate Girls,,3.5,,67.0,,Documentary,,2013.0,,1,0,3.5,3.5,67.0,67.0,2013.0,2013.0,2025,12.0,Documentary,Low,4.219507705176107,4.219507705176107,9,Monday,176.0,88.0
Regular screening,194.0,0.0,41.0,2.0,237.92,53.0,No,2025-09-18,2,24.0,19.0,6.0,6.0,9.0,0.0,89.0,33.0,both,0.0,5,Mallrats,SLC Punk,3.4,3.8,23687.0,55648.0,Romance/Comedy,Comedy/Drama,1995.0,1998.0,2,1,3.5999999999999996,3.8,79335.0,55648.0,1996.5,1995.0,2025,28.5,Romance,Medium,10.926819387090307,11.281447276865961,9,Thursday,235.0,117.5
Regular screening,74.0,0.0,3.0,2.0,94.81,26.0,No,2025-09-22,2,7.0,4.0,2.0,8.0,0.0,0.0,95.0,2.0,both,0.0,6,Greener Grass,Pleasantvile,3.6,3.7,26122.0,24966.0,Comedy,Comedy/Drama,2019.0,1998.0,2,1,3.6500000000000004,3.7,51088.0,26122.0,2008.5,1998.0,2025,16.5,Comedy,Medium,10.170571431312704,10.841324488831267,9,Monday,77.0,38.5
Regular screening,127.0,5.0,50.0,2.0,145.3,34.0,No,2025-09-25,2,10.0,10.0,0.0,13.0,5.0,2.0,95.0,2.0,both,0.0,7,Spree,Wobble Palace,3.1,3.1,127113.0,1591.0,Comedy/Horror,Romance/Comedy,2020.0,2018.0,2,1,3.1,3.1,128704.0,127113.0,2019.0,2018.0,2025,6.0,Comedy,High,11.752839600600128,11.765278242868424,9,Thursday,182.0,91.0
Beer Garden,324.0,8.0,281.0,2.0,827.54,122.0,No,2025-09-26,1,38.0,26.0,26.0,0.0,0.0,48.0,,,individual,0.0,8,Rodrick Rules,,3.8,,122765.0,,Comedy,,2011.0,,1,0,3.8,3.8,122765.0,122765.0,2011.0,2011.0,2025,14.0,Comedy,High,11.718035383394614,11.718035383394614,9,Friday,613.0,613.0
Screen + Q&A,61.0,0.0,25.0,13.0,17.0,5.0,No,2025-09-29,3,0.0,2.0,1.0,3.0,0.0,0.0,108.0,35.0,both,0.0,9,Intercepted,,3.8,,520.0,,Documentary,,2024.0,,1,0,3.8,3.8,520.0,520.0,2024.0,2024.0,2025,1.0,Documentary,Low,6.255750041753367,6.255750041753367,9,Monday,86.0,28.666666666666668
Regular screening,94.0,3.0,16.0,2.0,11.83,4.0,No,2025-09-30,2,1.0,3.0,0.0,0.0,0.0,0.0,82.0,14.0,both,0.0,10,Mobilize,Edge of the Knife,3.6,3.6,420.0,586.0,Documentary,Horror/Drama,2015.0,2018.0,2,1,3.6,3.6,1006.0,586.0,2016.5,2015.0,2025,8.5,Documentary,Low,6.375024819828097,6.914730892718563,9,Tuesday,113.0,56.5
Regular screening,100.0,1.0,13.0,2.0,10.83,2.0,No,2025-10-02,2,1.0,1.0,0.0,1.0,0.0,0.0,82.0,14.0,both,0.0,11,Angela,Saint Maud,3.6,3.5,751.0,62115.0,Drama,Horror/Thriller,1995.0,2019.0,2,1,3.55,3.6,62866.0,62115.0,2007.0,1995.0,2025,18.0,Drama,High,11.03675888368908,11.048776662726263,10,Thursday,114.0,57.0
Regular screening,91.0,0.0,36.0,2.0,32.66,9.0,No,2025-10-06,2,2.0,1.0,2.0,3.0,1.0,0.0,80.0,50.0,both,0.0,12,Possum,Four Flies on Grey Velvet,3.1,3.4,23665.0,6176.0,Horror/Thriller,Horror/Thriller,2018.0,1971.0,2,1,3.25,3.4,29841.0,23665.0,1994.5,1971.0,2025,30.5,Horror,Medium,10.071794697944505,10.303672076200368,10,Monday,127.0,63.5
Regular screening,134.0,4.0,63.0,2.0,108.98,20.0,No,2025-10-09,2,6.0,7.0,6.0,6.0,0.0,0.0,80.0,50.0,both,6.0,13,Ma,Serial Mom,2.5,3.8,112543.0,38467.0,Horror/Thriller,Comedy/Crime,2019.0,1994.0,2,1,3.15,3.8,151010.0,112543.0,2006.5,1994.0,2025,18.5,Horror,High,11.631099535273709,11.925107960825917,10,Thursday,201.0,100.5
Special,114.0,6.0,43.0,2.0,91.64,17.0,Yes,2025-10-10,3,8.0,8.0,2.0,5.0,0.0,0.0,176.0,56.0,both,2.0,14,Lurker,,3.6,,35115.0,,Drama/Thriller,,2025.0,,1,0,3.6,3.6,35115.0,35115.0,2025.0,2025.0,2025,0.0,Drama,Medium,10.4664121460461,10.4664121460461,10,Friday,163.0,54.333333333333336
Regular screening,110.0,0.0,34.0,2.0,57.98,12.0,No,2025-10-16,2,6.0,5.0,0.0,3.0,1.0,0.0,68.0,15.0,both,1.0,15,Repulsion,May,3.9,3.6,19958.0,55841.0,Horror/Thriller,Comedy/Horror,1960.0,2002.0,2,1,3.75,3.9,75799.0,55841.0,1981.0,1960.0,2025,44.0,Horror,Medium,10.930281553413765,11.235853571630463,10,Thursday,144.0,72.0
Special,96.0,1.0,19.0,3.0,144.11,23.0,Yes,2025-10-17,2,17.0,4.0,3.0,5.0,3.0,0.0,68.0,15.0,both,0.0,16,Spark Animaiton,,,,,,,,,,1,0,,,,,,,2025,,,,,,10,Friday,116.0,58.0
Regular screening,67.0,0.0,26.0,2.0,102.83,19.0,No,2025-10-20,2,0.0,6.0,3.0,3.0,4.0,10.0,98.0,42.0,both,0.0,17,The Lair of the White Worm,The Devils,3.5,4.2,20179.0,25906.0,Comedy/Horror,Horror/Drama,1988.0,1971.0,2,1,3.85,4.2,46085.0,25906.0,1979.5,1971.0,2025,45.5,Comedy,Medium,10.162268481441469,10.738264495226737,10,Monday,93.0,46.5
Special,135.0,1.0,54.0,2.0,102.66,28.0,Yes,2025-10-21,2,2.0,13.0,9.0,5.0,6.0,0.0,98.0,42.0,both,0.0,18,The Adams Family,The Adams Family Values,3.8,3.8,72907.0,51366.0,Comedy,Comedy,1991.0,1993.0,2,1,3.8,3.8,124273.0,72907.0,1992.0,1991.0,2025,33.0,Comedy,High,11.196953651344824,11.730244084259809,10,Tuesday,190.0,95.0
Regular screening,83.0,0.0,22.0,2.0,162.62,34.0,No,2025-10-23,2,14.0,15.0,5.0,5.0,0.0,0.0,98.0,42.0,both,5.0,19,Re-Animator,Evil Dead 2,3.8,4.0,55488.0,117689.0,Comedy/Horror,Comedy/Horror,1985.0,1987.0,2,1,3.9,4.0,173177.0,117689.0,1986.0,1985.0,2025,39.0,Comedy,High,11.675809327871708,12.062075246257429,10,Thursday,105.0,52.5
Special,,,,,30.0,8.0,Yes,2025-10-24,1,0.0,15.0,0.0,0.0,0.0,0.0,98.0,42.0,group,0.0,20,The Day Iceland stood Still,,4.0,,678.0,,Documentary,,2023.0,,1,0,4.0,4.0,678.0,678.0,2023.0,2023.0,2025,2.0,Documentary,Low,6.520621127558696,6.520621127558696,10,Friday,,
Special w/UBC + Free Popcorn,263.0,3.0,239.0,6.0,19.83,8.0,Yes,2025-10-27,2,1.0,7.0,0.0,0.0,0.0,0.0,263.0,239.0,individual,0.0,21,Three…Extremes,Pulse,3.6,3.7,4385.0,51010.0,Horror,Horror,2004.0,2001.0,2,1,3.6500000000000004,3.7,55395.0,51010.0,2002.5,2001.0,2025,22.5,Horror,Medium,10.839796574724032,10.922262667962608,10,Monday,505.0,252.5
Special w/UBC + Free Popcorn,263.0,3.0,239.0,7.0,20.0,10.0,Yes,2025-10-28,2,0.0,10.0,0.0,0.0,0.0,0.0,263.0,239.0,individual,0.0,22,Hour of the Wolf,Let the Right One In,4.0,4.0,15763.0,33901.0,Horror/Drama,Horror/Drama,1968.0,2008.0,2,1,4.0,4.0,49664.0,33901.0,1988.0,1968.0,2025,37.0,Horror,Medium,10.431229288678432,10.813055738649457,10,Tuesday,505.0,252.5
Special w/UBC + Free Popcorn,263.0,3.0,239.0,8.0,6.0,2.0,Yes,2025-10-29,2,0.0,3.0,0.0,0.0,0.0,0.0,263.0,239.0,individual,0.0,23,Lunacy,Viy,3.7,3.6,546.0,15153.0,Comedy/Horror,Horror/Drama,2005.0,1967.0,2,1,3.6500000000000004,3.7,15699.0,15153.0,1986.0,1967.0,2025,39.0,Comedy,Medium,9.626019802491319,9.6614159913364,10,Wednesday,505.0,252.5
Special w/UBC + Free Popcorn,263.0,3.0,239.0,9.0,22.0,11.0,Yes,2025-10-30,2,0.0,10.0,0.0,0.0,0.0,0.0,263.0,239.0,individual,1.0,24,A girl Walks home alone at night,Tenebre,3.8,3.7,38120.0,24201.0,Romance/Horror,Horror/Thriller,2014.0,1982.0,2,1,3.75,3.8,62321.0,38120.0,1998.0,1982.0,2025,27.0,Romance,Medium,10.548520590372645,11.040069772455867,10,Thursday,505.0,252.5
Beer Garden,155.0,6.0,113.0,7.0,129.98,27.0,No,2025-10-31,1,6.0,5.0,5.0,0.0,0.0,8.0,,,individual,0.0,25,Scream,,4.0,,485958.0,,Crime/Horror,,1996.0,,1,0,4.0,4.0,485958.0,485958.0,1996.0,1996.0,2025,29.0,Crime,Very High,13.093879537184028,13.093879537184028,10,Friday,274.0,274.0
Regular screening,77.0,0.0,14.0,2.0,46.15,9.0,No,2025-11-03,2,5.0,4.0,0.0,3.0,0.0,0.0,47.0,13.0,both,0.0,26,Bon Cop Bad Cop,The Kid Detective,3.1,3.7,1680.0,17758.0,Comedy/Action,Comedy/Drama,2006.0,2020.0,2,1,3.4000000000000004,3.7,19438.0,17758.0,2013.0,2006.0,2025,12.0,Comedy,Medium,9.784647708654596,9.875036636362113,11,Monday,91.0,45.5
Special,67.0,0.0,20.0,2.0,48.32,12.0,Yes,2025-11-06,2,4.0,4.0,1.0,3.0,0.0,0.0,47.0,13.0,both,1.0,27,Antiviral,Sick of Myself,3.3,4.7,9787.0,51003.0,Scifi/Horror,Comedy/Horror,2012.0,2022.0,2,1,4.0,4.7,60790.0,51003.0,2017.0,2012.0,2025,8.0,Scifi,Medium,10.839659340003433,11.015197030681492,11,Thursday,87.0,43.5
Special w/UBC Club,207.0,3.0,196.0,8.0,151.81,27.0,Yes,2025-11-07,2,7.0,6.0,0.0,0.0,0.0,17.0,47.0,13.0,both,0.0,28,Legally Blonde,,3.8,,313434.0,,Comedy,,2001.0,,1,0,3.8,3.8,313434.0,313434.0,2001.0,2001.0,2025,24.0,Comedy,Very High,12.655347281034798,12.655347281034798,11,Friday,406.0,203.0
Regular screening,55.0,0.0,7.0,2.0,56.15,9.0,No,2025-11-10,2,5.0,2.0,0.0,3.0,3.0,0.0,53.0,14.0,both,4.0,29,Nalujuk Night,Atanarjuat,3.6,3.7,218.0,941.0,Documentary,Drama/Fantasy,2021.0,2001.0,2,1,3.6500000000000004,3.7,1159.0,941.0,2011.0,2001.0,2025,14.0,Documentary,Low,6.848005274576363,7.05617528410041,11,Monday,62.0,31.0
Regular screening,49.0,1.0,8.0,2.0,18.83,5.0,No,2025-11-13,2,1.0,2.0,1.0,1.0,1.0,0.0,53.0,14.0,both,0.0,30,The Thomas Crown affair,Killing Zoe,3.4,3.2,14176.0,1270.0,Crime/Drama,Crime/Drama,1999.0,1993.0,2,1,3.3,3.4,15446.0,14176.0,1996.0,1993.0,2025,29.0,Crime,Low,9.559376212117632,9.64517008871425,11,Thursday,58.0,29.0
Special w/UBC Club,72.0,2.0,29.0,2.0,63.49,9.0,Yes,2025-11-14,2,3.0,3.0,3.0,2.0,0.0,0.0,53.0,14.0,both,0.0,31,Mommy,,4.3,,57435.0,,Drama,,2014.0,,1,0,4.3,4.3,57435.0,57435.0,2014.0,2014.0,2025,11.0,Drama,High,10.958426563414267,10.958426563414267,11,Friday,103.0,51.5
Special w/UBC Club,89.0,0.0,32.0,4.0,104.08,16.0,Yes,2025-11-17,2,1.0,8.0,2.0,7.0,0.0,0.0,46.0,4.0,both,0.0,32,J'ai tué ma mère,White Lie,3.9,3.4,15321.0,1028.0,Drama,Drama,2009.0,2019.0,2,1,3.65,3.9,16349.0,15321.0,2014.0,2009.0,2025,11.0,Drama,Medium,9.637044983076766,9.701983176325399,11,Monday,121.0,60.5
Screen + Q&A,46.0,0.0,25.0,2.0,17.0,3.0,Yes,2025-11-18,2,0.0,2.0,2.0,1.0,0.0,0.0,46.0,4.0,both,1.0,33,Alicia,,3.4,,198.0,,Horror,,1994.0,,1,0,3.4,3.4,198.0,198.0,1994.0,1994.0,2025,31.0,Horror,Low,5.293304824724492,5.293304824724492,11,Tuesday,71.0,35.5
Regular screening,112.0,0.0,31.0,2.0,51.49,12.0,No,2025-11-20,2,3.0,2.0,3.0,4.0,0.0,0.0,46.0,4.0,both,3.0,34,Lilies,C.R.A.Z.Y,3.9,4.0,1909.0,4972.0,Romance/Drama,Comedy/Drama,1996.0,2005.0,2,1,3.95,4.0,6881.0,4972.0,2000.5,1996.0,2025,24.5,Romance,Low,8.511778558714738,8.836664586357426,11,Thursday,143.0,71.5
AMS,,,,,195.0,14.0,No,2025-11-21,0,0.0,29.0,0.0,0.0,0.0,0.0,,,,0.0,35,,,,,,,,,,,0,0,,,,,,,2025,,,,,,11,Friday,,
Regular screening,43.0,0.0,8.0,2.0,11.66,1.0,No,2025-11-24,2,2.0,0.0,0.0,0.0,0.0,0.0,81.0,16.0,both,0.0,36,Ginger Snaps 2,Highway 61,3.2,3.5,8953.0,174.0,Horror/Drama,Comedy,2004.0,1991.0,2,1,3.35,3.5,9127.0,8953.0,1997.5,1991.0,2025,27.5,Horror,Low,9.09985563880091,9.119101891541911,11,Monday,51.0,25.5
Mubi,217.0,4.0,129.0,7.0,92.15,21.0,Yes,2025-11-26,2,5.0,8.0,3.0,7.0,5.0,0.0,81.0,16.0,both,0.0,37,History of Sound,,3.4,,44485.0,,Romance/Drama,,2025.0,,1,0,3.4,3.4,44485.0,44485.0,2025.0,2025.0,2025,0.0,Romance,Medium,10.702929811913675,10.702929811913675,11,Wednesday,350.0,175.0
Regular screening,88.0,2.0,72.0,2.0,104.81,24.0,No,2025-11-27,2,7.0,9.0,4.0,8.0,0.0,0.0,81.0,16.0,both,2.0,38,Malestrom,Crash,3.2,3.6,3978.0,109899.0,Drama,Drama/Thriller,2000.0,1996.0,2,1,3.4000000000000004,3.6,113877.0,109899.0,1998.0,1996.0,2025,27.0,Drama,High,11.607326140391713,11.642882978891425,11,Thursday,162.0,81.0
Special (showcase),141.0,3.0,20.0,2.0,12.0,4.0,No,2025-11-28,2,0.0,1.0,1.0,2.0,0.0,0.0,81.0,16.0,both,0.0,39,Student Showcase,,,,,,,,,,1,0,,,,,,,2025,,,,,,11,Friday,164.0,82.0
Special,100.0,4.0,23.0,3.0,6.0,2.0,Yes,2025-12-01,2,0.0,2.0,0.0,0.0,1.0,0.0,80.0,20.0,both,0.0,40,Molkom Monday,,,,,,,,,,1,0,,,,,,,2025,,,,,,12,Monday,127.0,63.5
Beer Garden,124.0,3.0,31.0,7.0,162.83,24.0,No,2025-12-05,2,0.0,0.0,9.0,6.0,0.0,5.0,80.0,20.0,both,0.0,42,The Shining,,4.2,,428824.0,,Horror,,1980.0,,1,0,4.2,4.2,428824.0,428824.0,1980.0,1980.0,2025,45.0,Horror,Very High,12.968804189278027,12.968804189278027,12,Friday,158.0,79.0
Regular screening,130.0,0.0,19.0,2.0,47.49,11.0,No,2025-12-08,2,3.0,3.0,2.0,2.0,4.0,0.0,73.0,27.0,both,0.0,43,The Polar Express,The Thing,3.3,4.4,119440.0,305676.0,Animation,Horror/Scifi,2004.0,1982.0,2,1,3.85,4.4,425116.0,305676.0,1993.0,1982.0,2025,32.0,Animation,Very High,12.630284267887854,12.960119704137728,12,Monday,149.0,74.5
Mubi,86.0,4.0,22.0,5.0,62.81,12.0,Yes,2025-12-12,2,7.0,2.0,1.0,2.0,3.0,0.0,73.0,27.0,both,0.0,44,The Mastermind,,3.2,,69184.0,,Crime/Drama,,2025.0,,1,0,3.2,3.2,69184.0,69184.0,2025.0,2025.0,2025,0.0,Crime,High,11.144539355103484,11.144539355103484,12,Friday,112.0,56.0
Regular screening,53.0,0.0,6.0,2.0,7.0,2.0,No,2025-12-15,2,0.0,0.0,1.0,1.0,0.0,0.0,61.0,34.0,both,0.0,45,Gremlins,12 Monkey,3.6,3.9,104791.0,52551.0,Comedy/Horror,Thriller/Mystery,1984.0,1995.0,2,1,3.75,3.9,157342.0,104791.0,1989.5,1984.0,2025,35.5,Comedy,High,11.559732712077485,11.966183414690148,12,Monday,59.0,29.5
Regular screening,86.0,4.0,15.0,2.0,33.0,6.0,No,2025-12-18,2,0.0,6.0,2.0,1.0,0.0,2.0,61.0,34.0,both,0.0,46,Meet Me in St.Louis,A Muppet Christmas Carol,3.8,4.1,25764.0,154239.0,Romance/Drama,Drama/Fantasy,1944.0,1992.0,2,1,3.9499999999999997,4.1,180003.0,154239.0,1968.0,1944.0,2025,57.0,Romance,High,11.946265109844372,12.10073435184766,12,Thursday,105.0,52.5
Regular screening,109.0,6.0,25.0,2.0,173.11,34.0,No,2026-01-05,2,17.0,10.0,4.0,8.0,5.0,0.0,72.0,21.0,both,0.0,47,Spinal Tap,Misery,3.9,4.0,56014.0,123835.0,Comedy,Horror/Drama,1984.0,1990.0,2,1,3.95,4.0,179849.0,123835.0,1987.0,1984.0,2026,39.0,Comedy,High,11.726713388560304,12.09987844912377,1,Monday,140.0,70.0
Regular screening,273.0,4.0,195.0,2.0,413.05,86.0,No,2026-01-08,2,35.0,34.0,11.0,23.0,9.0,0.0,72.0,21.0,both,0.0,48,City of God,La Haine,4.6,4.5,198051.0,228979.0,Drama,Drama,2002.0,1995.0,2,1,4.55,4.6,427030.0,228979.0,1998.5,1995.0,2026,27.5,Drama,Very High,12.341389942477804,12.96461188910716,1,Thursday,472.0,236.0
Regular screening,293.0,5.0,113.0,2.0,368.41,81.0,No,2026-01-12,2,27.0,32.0,17.0,15.0,9.0,0.0,167.0,76.0,both,0.0,49,Little Women,The Virgin Suicides,4.2,3.9,571343.0,328658.0,Romance/Drama,Romance/Drama,2019.0,1999.0,2,1,4.05,4.2,900001.0,571343.0,2009.0,1999.0,2026,17.0,Romance,Very High,13.255746759075771,13.7101522645262,1,Monday,411.0,205.5
Regular screening,96.0,1.0,24.0,2.0,33.66,9.0,No,2026-01-15,2,2.0,3.0,1.0,4.0,0.0,0.0,167.0,76.0,both,0.0,50,The Assaination of Jesse James,Meeks Cutoff,4.0,3.7,30444.0,9741.0,Drama/Western,Drama/Western,2007.0,2010.0,2,1,3.85,4.0,40185.0,30444.0,2008.5,2007.0,2026,17.5,Drama,Medium,10.323677056042674,10.601273955244498,1,Thursday,121.0,60.5
Regular screening,145.0,0.0,46.0,2.0,126.3,25.0,No,2026-01-19,2,10.0,8.0,0.0,12.0,4.0,0.0,119.0,55.0,both,2.0,51,Do the Right Thing,Mystery Train,4.4,4.0,115391.0,15773.0,Drama,Comedy,1989.0,1989.0,2,1,4.2,4.4,131164.0,115391.0,1989.0,1989.0,2026,37.0,Drama,High,11.656090306562989,11.784211351610452,1,Monday,191.0,95.5
Screen + Q&A,75.0,1.0,15.0,3.0,13.0,5.0,Yes,2026-01-21,2,0.0,2.0,0.0,3.0,0.0,0.0,119.0,55.0,both,0.0,52,Three Promises,,3.8,,214.0,,Documentary,,2023.0,,1,0,3.8,3.8,214.0,214.0,2023.0,2023.0,2026,3.0,Documentary,Low,5.3706380281276624,5.3706380281276624,1,Wednesday,91.0,45.5
Regular screening,108.0,0.0,33.0,2.0,78.15,19.0,No,2026-01-22,2,5.0,4.0,1.0,5.0,0.0,0.0,119.0,55.0,both,10.0,53,All That Jazz,The Phantom of the Paradise,4.3,4.1,52093.0,66010.0,Drama,Comedy/Horror,1979.0,1974.0,2,1,4.199999999999999,4.3,118103.0,66010.0,1976.5,1974.0,2026,49.5,Drama,High,11.097576673787884,11.679320871213925,1,Thursday,141.0,70.5
Mubi,180.0,1.0,106.0,7.0,145.45,28.0,Yes,2026-01-23,2,15.0,8.0,4.0,5.0,0.0,0.0,119.0,55.0,both,2.0,54,Die my Love,,3.2,,199596.0,,Drama,,2025.0,,1,0,3.2,3.2,199596.0,199596.0,2025.0,2025.0,2026,1.0,Drama,Very High,12.204055612686428,12.204055612686428,1,Friday,287.0,143.5
Regular screening,81.0,4.0,46.0,2.0,222.28,46.0,No,2026-01-26,2,16.0,19.0,10.0,11.0,0.0,2.0,122.0,47.0,both,0.0,55,"Aguirre, The Wrath of God",Apocalypse Now,4.1,4.4,31892.0,159541.0,Drama/History,Drama/War,1972.0,1979.0,2,1,4.25,4.4,191433.0,159541.0,1975.5,1972.0,2026,50.5,Drama,High,11.980062489427663,12.16229838067865,1,Monday,131.0,65.5
Special,,,,,5.0,2.0,Yes,2026-01-28,2,0.0,1.0,0.0,1.0,0.0,0.0,122.0,47.0,both,0.0,56,Happy Holidays,,3.3,,487.0,,Drama,,2024.0,,1,0,3.3,3.3,487.0,487.0,2024.0,2024.0,2026,2.0,Drama,Low,6.1903154058531475,6.1903154058531475,1,Wednesday,,
Regular screening,64.0,1.0,15.0,2.0,23.83,7.0,No,2026-01-29,2,1.0,1.0,0.0,2.0,2.0,0.0,122.0,47.0,both,3.0,57,Embrace of the Serpent,Museo,4.2,3.7,6575.0,5617.0,Drama,Crime/Drama,2016.0,2018.0,2,1,3.95,4.2,12192.0,6575.0,2017.0,2016.0,2026,9.0,Drama,Low,8.791181936736017,9.408617295560266,1,Thursday,80.0,40.0
Beer Garden,309.0,5.0,146.0,4.0,594.11,84.0,No,2026-01-30,2,17.0,20.0,20.0,0.0,0.0,64.0,122.0,47.0,both,0.0,58,Scott Pilgrim vs The World,,3.9,,471627.0,,Romance/Comedy,,2010.0,,1,0,3.9,3.9,471627.0,471627.0,2010.0,2010.0,2026,16.0,Romance,Very High,13.063945818232334,13.063945818232334,1,Friday,460.0,230.0
Special w/UBC Club,60.0,0.0,14.0,2.0,9.0,2.0,Yes,2026-02-02,2,0.0,1.0,1.0,1.0,0.0,0.0,108.0,51.0,both,0.0,59,Eyimofe,Rafiki,3.7,3.6,1065.0,7050.0,Drama,Romance/Drama,2020.0,2018.0,2,1,3.6500000000000004,3.7,8115.0,7050.0,2019.0,2018.0,2026,7.0,Drama,Low,8.860924729719041,9.001592700945706,2,Monday,74.0,37.0
Special w/UBC Club,119.0,0.0,40.0,6.0,36.0,4.0,Yes,2026-02-03,2,0.0,3.0,0.0,0.0,0.0,0.0,108.0,51.0,both,0.0,60,Dolores,,3.7,,278.0,,Documentary,,2017.0,,1,0,3.7,3.7,278.0,278.0,2017.0,2017.0,2026,9.0,Documentary,Low,5.631211781821365,5.631211781821365,2,Tuesday,159.0,79.5
Special w/UBC Club,249.0,8.0,54.0,5.0,27.66,7.0,Yes,2026-02-04,2,2.0,0.0,0.0,4.0,2.0,0.0,108.0,51.0,both,0.0,61,Laila and the Wolves,,4.1,,1639.0,,Documentary,,1984.0,,1,0,4.1,4.1,1639.0,1639.0,1984.0,1984.0,2026,42.0,Documentary,Low,7.402451520818244,7.402451520818244,2,Wednesday,311.0,155.5
Special w/UBC Club/ Beer Garden,413.0,5.0,756.0,7.0,703.11,117.0,Yes,2026-02-05,2,21.0,21.0,0.0,36.0,0.0,77.0,108.0,51.0,both,0.0,62,Heated Rivalry,,4.4,,100000.0,,Romance/Drama,,2025.0,,1,0,4.4,4.4,100000.0,100000.0,2025.0,2025.0,2026,1.0,Romance,High,11.51293546492023,11.51293546492023,2,Thursday,1174.0,587.0
Special w/UBC Club,168.0,0.0,35.0,2.0,226.38,68.0,Yes,2026-02-09,2,0.0,39.0,0.0,0.0,63.0,0.0,288.0,185.0,both,10.0,63,Pride & Prejudice,Portrait of a Lady on Fire,4.1,4.4,551069.0,309465.0,Romance/Drama,Romance/Drama,2005.0,2019.0,2,1,4.25,4.4,860534.0,551069.0,2012.0,2005.0,2026,14.0,Romance,Very High,13.21961712180822,13.665309567833294,2,Monday,203.0,101.5
Regular screening,273.0,0.0,73.0,2.0,202.45,44.0,No,2026-02-12,2,15.0,17.0,10.0,11.0,4.0,0.0,288.0,185.0,both,0.0,64,Crouching Tiger Hidden Dragon,Chunking Express,4.1,4.3,43531.0,223857.0,Drama/Action,Romance/Comedy,2000.0,1994.0,2,1,4.199999999999999,4.3,267388.0,223857.0,1997.0,1994.0,2026,29.0,Drama,Very High,12.318767201248074,12.496459805930238,2,Thursday,346.0,173.0
Special w/UBC Club,210.0,10.0,96.0,10.0,407.0,72.0,Yes,2026-02-13,2,0.0,15.0,14.0,9.0,0.0,32.0,288.0,185.0,both,0.0,65,Before Sunrise,Before Sunset,4.3,4.3,423174.0,232244.0,Romance/Drama,Romance/Drama,1995.0,2004.0,2,1,4.3,4.3,655418.0,423174.0,1999.5,1995.0,2026,26.5,Romance,Very High,12.955541084057298,13.393030004756465,2,Friday,316.0,158.0
Special w/UBC Club,100.0,0.0,27.0,3.0,58.49,12.0,Yes,2026-02-23,2,3.0,5.0,5.0,3.0,0.0,0.0,95.0,29.0,both,1.0,66,Wall-e,First Man,4.2,3.7,172719.0,52717.0,Animation,Drama/History,2008.0,2018.0,2,1,3.95,4.2,225436.0,172719.0,2013.0,2008.0,2026,13.0,Animation,Very High,12.05942706518869,12.325796019733815,2,Monday,127.0,63.5
Special w/UBC Club,55.0,0.0,12.0,2.0,2.0,1.0,Yes,2026-02-25,2,0.0,1.0,0.0,0.0,0.0,0.0,95.0,29.0,both,0.0,67,Stories We have Earned,,,,,,,,2024.0,,1,0,,,,,2024.0,2024.0,2026,2.0,,,,,2,Wednesday,67.0,33.5
Special w/UBC Club,22.0,0.0,7.0,2.0,0.0,0.0,Yes,2026-02-26,2,0.0,0.0,0.0,0.0,0.0,0.0,95.0,29.0,both,0.0,68,Coconut Head Generation,Ouaga Girls,3.9,3.2,234.0,16.0,Documentary,Documentary,2023.0,2017.0,2,1,3.55,3.9,250.0,234.0,2020.0,2017.0,2026,6.0,Documentary,Low,5.459585514144159,5.5254529391317835,2,Thursday,29.0,14.5
Special w/UBC Club,143.0,0.0,38.0,2.0,45.83,9.0,Yes,2026-03-02,1,1.0,8.0,3.0,2.0,3.0,0.0,,,individual,0.0,69,How to Blow up a Pipeline,The Lorax,3.8,3.3,33644.0,91251.0,Thriller/Crime,Animation,2022.0,2012.0,2,1,3.55,3.8,124895.0,91251.0,2017.0,2012.0,2026,9.0,Thriller,High,11.421380189012766,11.735236669980342,3,Monday,181.0,181.0
Special w/UBC Club,112.0,1.0,51.0,2.0,47.49,12.0,Yes,2026-03-05,1,3.0,8.0,0.0,4.0,1.0,0.0,,,individual,0.0,70,F1,Rush,3.6,3.9,639052.0,49693.0,Drama/Action,Drama/Action,2025.0,2013.0,2,1,3.75,3.9,688745.0,639052.0,2019.0,2013.0,2026,7.0,Drama,Very High,13.367742672017194,13.442627831809892,3,Thursday,164.0,164.0
Regular screening,53.0,3.0,10.0,1.0,23.66,3.0,No,2026-03-09,1,2.0,1.0,1.0,2.0,0.0,0.0,,,individual,0.0,71,Dope,ATL,3.5,3.5,15348.0,2929.0,Comedy/Drama,Romance/Comedy,2015.0,2006.0,2,1,3.5,3.5,18277.0,15348.0,2010.5,2006.0,2026,15.5,Comedy,Medium,9.638805604313408,9.813453429832148,3,Monday,66.0,66.0
Special w/UBC Club,,,,,22.0,7.0,Yes,2026-03-12,2,0.0,4.0,0.0,2.0,2.0,0.0,85.0,24.0,both,2.0,72,Indian Horse,Beans,3.6,3.6,1340.0,1664.0,Drama,Drama,2017.0,2020.0,2,1,3.6,3.6,3004.0,1664.0,2018.5,2017.0,2026,7.5,Drama,Low,7.417580402414544,8.008032846969307,3,Thursday,,
Special w/UBC Club,135.0,4.0,30.0,2.0,94.32,24.0,Yes,2026-03-16,2,4.0,15.0,2.0,9.0,0.0,0.0,64.0,0.0,both,3.0,73,Wings of desire,The Sacrifice,4.3,4.3,45379.0,20156.0,Romance/Drama,Drama,1987.0,1986.0,2,1,4.3,4.3,65535.0,45379.0,1986.5,1986.0,2026,39.5,Romance,Medium,10.722826758333833,11.090354888959125,3,Monday,169.0,84.5
Regular Screening,75.0,0.0,19.0,1.0,38.83,12.0,No,2026-03-19,2,1.0,5.0,0.0,5.0,1.0,0.0,64.0,0.0,both,3.0,74,Network,Face in the Crowd,4.3,4.2,56258.0,8709.0,Drama,Drama,1976.0,1957.0,2,1,4.25,4.3,64967.0,56258.0,1966.5,1957.0,2026,59.5,Drama,Medium,10.937721307268031,11.081650119962246,3,Thursday,94.0,47.0
Mubi,66.0,0.0,5.0,4.0,17.49,3.0,Yes,2026-03-20,2,3.0,0.0,0.0,0.0,0.0,0.0,64.0,0.0,both,0.0,75,My Fathers Shadow,,4.1,,12030.0,,Drama,,2025.0,,1,0,4.1,4.1,12030.0,12030.0,2025.0,2025.0,2026,1.0,Drama,Low,9.395241931033524,9.395241931033524,3,Friday,71.0,35.5
Regular screening,357.0,4.0,156.0,2.0,296.24,66.0,No,2026-03-23,2,28.0,19.0,0.0,21.0,11.0,0.0,118.0,63.0,both,5.0,76,Waves,Moonlight,4.0,4.2,203497.0,230087.0,Romance/Drama,Drama,2019.0,2016.0,2,1,4.1,4.2,433584.0,230087.0,2017.5,2016.0,2026,8.5,Romance,Very High,12.346217123424942,12.979843134413244,3,Monday,517.0,258.5
Regular screening,118.0,1.0,16.0,2.0,68.98,16.0,No,2026-03-26,2,6.0,4.0,0.0,6.0,4.0,0.0,118.0,63.0,both,0.0,77,Coffee and Cigarettes,Clerks,3.8,3.8,16696.0,39349.0,Comedy/Drama,Comedy,2003.0,1994.0,2,1,3.8,3.8,56045.0,39349.0,1998.5,1994.0,2026,27.5,Comedy,Medium,10.58025125384555,10.933928061100904,3,Thursday,135.0,67.5
Beer Garden,163.0,2.0,170.0,13.0,346.3,58.0,No,2026-03-27,2,10.0,12.0,11.0,9.0,0.0,22.0,118.0,63.0,both,0.0,78,Pitch Perfect,,3.6,,280067.0,,Comedy,,2012.0,,1,0,3.6,3.6,280067.0,280067.0,2012.0,2012.0,2026,14.0,Comedy,Very High,12.542787709809222,12.542787709809222,3,Friday,335.0,167.5
Regular screening,148.0,3.0,43.0,2.0,60.32,16.0,No,2026-03-30,2,4.0,8.0,1.0,5.0,1.0,0.0,131.0,58.0,both,0.0,79,Pink Floyd: The wall,Amadeus,4.1,4.4,27829.0,96816.0,Drama/History,Drama/History,1982.0,1984.0,2,1,4.25,4.4,124645.0,96816.0,1983.0,1982.0,2026,43.0,Drama,High,11.480577877680021,11.73323299858523,3,Monday,194.0,97.0
Special w/UBC Club,70.0,2.0,26.0,4.0,128.32,27.0,Yes,2026-04-02,2,4.0,13.0,8.0,8.0,0.0,3.0,131.0,58.0,both,0.0,80,Manchester by the Sea,Pursuit of Happiness,4.1,4.0,205292.0,89141.0,Drama,Drama,2016.0,2006.0,2,1,4.05,4.1,294433.0,205292.0,2011.0,2006.0,2026,15.0,Drama,Very High,12.2321935059815,12.592810148298938,4,Thursday,98.0,49.0
Regular screening,109.0,0.0,41.0,2.0,48.49,13.0,No,2026-04-09,2,3.0,4.0,1.0,5.0,0.0,0.0,57.0,12.0,both,1.0,81,Universal Language,Taste of Cherry,3.8,4.3,11961.0,52765.0,Comedy/Drama,Drama,2024.0,1997.0,2,1,4.05,4.3,64726.0,52765.0,2010.5,1997.0,2026,15.5,Comedy,Medium,10.873622322882394,11.07793370410372,4,Thursday,150.0,75.0
Regular screening,132.0,5.0,38.0,2.0,78.81,11.0,No,2026-04-13,2,7.0,2.0,3.0,0.0,2.0,0.0,71.0,15.0,both,0.0,82,Hot Fuzz,The Blue's Brothers,4.1,4.0,139534.0,47994.0,Comedy/Action,Comedy,2007.0,1980.0,2,1,4.05,4.1,187528.0,139534.0,1993.5,1980.0,2026,32.5,Comedy,High,11.846070744831753,12.141688779099614,4,Monday,175.0,87.5
Special,70.0,0.0,74.0,2.0,5.0,2.0,Yes,2026-04-16,2,0.0,1.0,0.0,1.0,0.0,0.0,71.0,15.0,both,0.0,83,Salut les Cubains,Strawberry and Chocolate,4.0,3.8,4757.0,1856.0,Documentary,Comedy/Drama,1963.0,1993.0,2,1,3.9,4.0,6613.0,4757.0,1978.0,1963.0,2026,48.0,Documentary,Low,8.467582690862903,8.796943893541737,4,Thursday,144.0,72.0
Beer Garden,205.0,3.0,311.0,2.0,181.98,41.0,No,2026-04-20,2,6.0,22.0,13.0,8.0,0.0,0.0,56.0,154.0,both,0.0,84,Dazed and Confused,The big Lebowski,3.9,4.1,157843.0,202389.0,Comedy/Drama,Comedy/Crime,1993.0,1998.0,2,1,4.0,4.1,360232.0,202389.0,1995.5,1993.0,2026,30.5,Comedy,Very High,12.217951808060251,12.794506323296542,4,Monday,519.0,259.5
Special,149.0,3.0,59.0,5.0,14.0,4.0,Yes,2026-04-23,2,0.0,2.0,2.0,0.0,1.0,0.0,56.0,154.0,both,0.0,85,All that’s left of you,,4.2,,6793.0,,Drama,,2025.0,,1,0,4.2,4.2,6793.0,6793.0,2025.0,2025.0,2026,1.0,Drama,Low,8.82379514872053,8.82379514872053,4,Thursday,211.0,105.5
